Workbook

Sheet Order Log
A1: FILTER ORDER LOG
A2: Job number | G2: Airco PM
A3: Project name | G3: Airco APM
A4: Phase | G4: GC
A5: Job type | G5: Ordered by
A7: Order date | B7: Filter set or reason | C7: Vendor | D7: Vendor SO # | E7: Our PO # | F7: MERV | G7: Order total price | H7: Size | I7: QTY | J7: Unit price | K7: Line total | L7: Delivery | M7: Notes
K8: =IF(OR(I8="",J8=""),"",I8*J8)
K9: =IF(OR(I9="",J9=""),"",I9*J9)
K10: =IF(OR(I10="",J10=""),"",I10*J10)
K11: =IF(OR(I11="",J11=""),"",I11*J11)
K12: =IF(OR(I12="",J12=""),"",I12*J12)
K13: =IF(OR(I13="",J13=""),"",I13*J13)
K14: =IF(OR(I14="",J14=""),"",I14*J14)
K15: =IF(OR(I15="",J15=""),"",I15*J15)
K16: =IF(OR(I16="",J16=""),"",I16*J16)
K17: =IF(OR(I17="",J17=""),"",I17*J17)
K18: =IF(OR(I18="",J18=""),"",I18*J18)
K19: =IF(OR(I19="",J19=""),"",I19*J19)
... K67: =IF(OR(I67="",J67=""),"",I67*J67)

Sheet Needed vs Ordered
A1: NEEDED VS ORDERED
A2: Type each size in Size. Count Needed and Still needed from the Filter Log. The other two columns fill in by themselves.
A3: Size | B3: Ordered (all orders) | C3: Needed - units replaced | D3: Left over (+) / Short (-) | E3: Still needed - units not yet replaced
B4: =IF(A4="","",SUMIF('Order Log'!$H$8:$H$67,A4,'Order Log'!$I$8:$I$67)) | D4: =IF(A4="","",B4-C4)
B5: =IF(A5="","",SUMIF('Order Log'!$H$8:$H$67,A5,'Order Log'!$I$8:$I$67)) | D5: =IF(A5="","",B5-C5)
B6: =IF(A6="","",SUMIF('Order Log'!$H$8:$H$67,A6,'Order Log'!$I$8:$I$67)) | D6: =IF(A6="","",B6-C6)
B7: =IF(A7="","",SUMIF('Order Log'!$H$8:$H$67,A7,'Order Log'!$I$8:$I$67)) | D7: =IF(A7="","",B7-C7)
B8: =IF(A8="","",SUMIF('Order Log'!$H$8:$H$67,A8,'Order Log'!$I$8:$I$67)) | D8: =IF(A8="","",B8-C8)
B9: =IF(A9="","",SUMIF('Order Log'!$H$8:$H$67,A9,'Order Log'!$I$8:$I$67)) | D9: =IF(A9="","",B9-C9)
B10: =IF(A10="","",SUMIF('Order Log'!$H$8:$H$67,A10,'Order Log'!$I$8:$I$67)) | D10: =IF(A10="","",B10-C10)
B11: =IF(A11="","",SUMIF('Order Log'!$H$8:$H$67,A11,'Order Log'!$I$8:$I$67)) | D11: =IF(A11="","",B11-C11)
B12: =IF(A12="","",SUMIF('Order Log'!$H$8:$H$67,A12,'Order Log'!$I$8:$I$67)) | D12: =IF(A12="","",B12-C12)
B13: =IF(A13="","",SUMIF('Order Log'!$H$8:$H$67,A13,'Order Log'!$I$8:$I$67)) | D13: =IF(A13="","",B13-C13)
B14: =IF(A14="","",SUMIF('Order Log'!$H$8:$H$67,A14,'Order Log'!$I$8:$I$67)) | D14: =IF(A14="","",B14-C14)
B15: =IF(A15="","",SUMIF('Order Log'!$H$8:$H$67,A15,'Order Log'!$I$8:$I$67)) | D15: =IF(A15="","",B15-C15)
... B42: =IF(A42="","",SUMIF('Order Log'!$H$8:$H$67,A42,'Order Log'!$I$8:$I$67)) | D42: =IF(A42="","",B42-C42)
