Workbook

Sheet Filter Log
A1: FILTER LOG
A2: Job number | B2: 2250823 | E2: Airco PM | F2: Jordan
A3: Project name | B3: Austin Stone | E3: Airco APM
A4: Phase | B4: None (single phase for now) | E4: GC
A5: Job type
A7: Unit | B7: Filter size (W x L x D) | C7: QTY | D7: Status | E7: Filter set or reason | F7: MERV | G7: Installed size if different from spec | H7: Notes
A8: RTU-1A | B8: 20x25x2 | C8: 8 | D8: Replaced | E8: 2nd | F8: 8
A9: RTU-1A | B9: 20x20x2 | C9: 4 | D9: Replaced | E9: 2nd | F9: 8
A10: RTU-2A | B10: 20x25x2 | C10: 8 | D10: Replaced | E10: 2nd | F10: 8
A11: RTU-2A | B11: 20x20x2 | C11: 4 | D11: Replaced | E11: 2nd | F11: 8
A12: RTU-1C | B12: 20x25x2 | C12: 8 | D12: Replaced | E12: 2nd | F12: 8
A13: RTU-1C | B13: 20x20x2 | C13: 4 | D13: Replaced | E13: 2nd | F13: 8
A14: RTU-2C | B14: 20x25x2 | C14: 8 | D14: Replaced | E14: 2nd | F14: 8
A15: RTU-2C | B15: 20x20x2 | C15: 4 | D15: Replaced | E15: 2nd | F15: 8
A16: RTU-1B | B16: 20x25x4 | C16: 8 | D16: Replaced | E16: 2nd | F16: 8
A17: RTU-1B | B17: 20x20x4 | C17: 4 | D17: Replaced | E17: 2nd | F17: 8
A18: RTU-2B-1 | B18: 20x25x4 | C18: 8 | D18: Not replaced
A19: RTU-2B-1 | B19: 20x20x4 | C19: 4 | D19: Not replaced
A20: RTU-2B-2 | B20: 20x25x4 | C20: 8 | D20: Replaced | E20: 2nd | F20: 8
A21: RTU-2B-2 | B21: 20x20x4 | C21: 4 | D21: Replaced | E21: 2nd | F21: 8
A22: AHU-1 | B22: 20x24x4 | C22: 4 | D22: Not replaced
A23: AHU-1 | B23: 20x20x4 | C23: 2 | D23: Not replaced
A24: ERV-1 | B24: 20x24x4 | C24: 2 | D24: Not replaced
A25: ERV-1 | B25: 16x20x4 | C25: 2 | D25: Not replaced
A26: ERV-1 | B26: 20x24x2 | C26: 2 | D26: Not replaced
A27: ERV-1 | B27: 16x24x2 | C27: 2 | D27: Not replaced

Sheet Filter Orders
A1: FILTER ORDERS
A2: Job number | B2: =IF('Filter Log'!B2="","",'Filter Log'!B2) | H2: Airco PM | I2: =IF('Filter Log'!F2="","",'Filter Log'!F2)
A3: Project name | B3: =IF('Filter Log'!B3="","",'Filter Log'!B3) | H3: Airco APM | I3: =IF('Filter Log'!F3="","",'Filter Log'!F3)
A4: Phase | B4: =IF('Filter Log'!B4="","",'Filter Log'!B4) | H4: GC | I4: =IF('Filter Log'!F4="","",'Filter Log'!F4)
A5: Job type | B5: =IF('Filter Log'!B5="","",'Filter Log'!B5)
A7: Order date | B7: Ordered by | C7: Filter set or reason | D7: Vendor | E7: Vendor SO # | F7: Our PO # | G7: MERV | H7: Order total price | I7: Size | J7: QTY | K7: Unit price | L7: Line total | M7: Delivery | N7: Notes
A8: 2026-09-22 | B8: Angel Leon | C8: 2nd | D8: Tex Air Austin | E8: 766028 | F8: 380118 | G8: 8 | H8: 98.24 | I8: 20x25x4 | J8: 8 | K8: 8.55 | L8: =J8*K8 | M8: Customer pickup | N8: Urgent, units unknown at time of order.
A9: 2026-09-22 | B9: Angel Leon | C9: 2nd | D9: Tex Air Austin | E9: 766028 | F9: 380118 | G9: 8 | I9: 20x20x4 | J9: 4 | K9: 7.46 | L9: =J9*K9 | M9: Customer pickup
A10: 2026-10-07 | B10: Angel Leon | C10: 2nd | D10: Tex Air Austin | E10: 770738 | F10: 382244 | G10: 8 | H10: 368.44 | I10: 20x25x4 | J10: 16 | K10: 8.55 | L10: =J10*K10 | M10: Delivered 2026-10-09 | N10: Units unknown at time of order.
A11: 2026-10-07 | B11: Angel Leon | C11: 2nd | D11: Tex Air Austin | E11: 770738 | F11: 382244 | G11: 8 | I11: 20x25x2 | J11: 24 | K11: 4.83 | L11: =J11*K11 | M11: Delivered 2026-10-09
A12: 2026-10-07 | B12: Angel Leon | C12: 2nd | D12: Tex Air Austin | E12: 770738 | F12: 382244 | G12: 8 | I12: 20x20x4 | J12: 8 | K12: 7.46 | L12: =J12*K12 | M12: Delivered 2026-10-09
A13: 2026-10-07 | B13: Angel Leon | C13: 2nd | D13: Tex Air Austin | E13: 770738 | F13: 382244 | G13: 8 | I13: 20x20x2 | J13: 12 | K13: 4.67 | L13: =J13*K13 | M13: Delivered 2026-10-09
L14: =IF(OR(J14="",K14=""),"",J14*K14)
L15: =IF(OR(J15="",K15=""),"",J15*K15)
L16: =IF(OR(J16="",K16=""),"",J16*K16)
L17: =IF(OR(J17="",K17=""),"",J17*K17)
L18: =IF(OR(J18="",K18=""),"",J18*K18)
L19: =IF(OR(J19="",K19=""),"",J19*K19)
L20: =IF(OR(J20="",K20=""),"",J20*K20)
L21: =IF(OR(J21="",K21=""),"",J21*K21)
L22: =IF(OR(J22="",K22=""),"",J22*K22)
L23: =IF(OR(J23="",K23=""),"",J23*K23)
L24: =IF(OR(J24="",K24=""),"",J24*K24)
L25: =IF(OR(J25="",K25=""),"",J25*K25)
... L33: =IF(OR(J33="",K33=""),"",J33*K33)
