Workbook

Sheet Order Log
A1: Job number | B1: 2250823
A2: Project name | B2: Austin Stone
A3: Phase
A4: Airco PM | B4: Jordan
A5: Ordered by | B5: Angel Leon
A7: Order date | B7: Filter set (1/2/3/Attic) | C7: Vendor | D7: Vendor SO # | E7: Our PO # | F7: MERV | G7: Order total price | H7: Size | I7: Qty | J7: Unit price | K7: Line total | L7: Units it went to | M7: Delivery | N7: Notes
A8: 2026-09-22 | B8: 2 | C8: Tex Air Austin | D8: 766028 | E8: 380118 | F8: 8 | G8: 98.24 | H8: 20x25x4 | I8: 8 | J8: 8.55 | K8: =I8*J8 | M8: Customer pickup | N8: Urgent, units unknown at time of order.
A9: 2026-09-22 | B9: 2 | C9: Tex Air Austin | D9: 766028 | E9: 380118 | F9: 8 | H9: 20x20x4 | I9: 4 | J9: 7.46 | K9: =I9*J9
A10: 2026-10-07 | B10: 2 | C10: Tex Air Austin | D10: 770738 | E10: 382244 | F10: 8 | G10: 368.44 | H10: 20x25x4 | I10: 16 | J10: 8.55 | K10: =I10*J10 | M10: Delivered 2026-10-09 | N10: Units unknown at time of order.
A11: 2026-10-07 | B11: 2 | C11: Tex Air Austin | D11: 770738 | E11: 382244 | F11: 8 | H11: 20x25x2 | I11: 24 | J11: 4.83 | K11: =I11*J11
A12: 2026-10-07 | B12: 2 | C12: Tex Air Austin | D12: 770738 | E12: 382244 | F12: 8 | H12: 20x20x4 | I12: 8 | J12: 7.46 | K12: =I12*J12
A13: 2026-10-07 | B13: 2 | C13: Tex Air Austin | D13: 770738 | E13: 382244 | F13: 8 | H13: 20x20x2 | I13: 12 | J13: 4.67 | K13: =I13*J13

Sheet Needed vs Ordered
A1: Size | B1: Ordered (all orders) | C1: Needed - units replaced | D1: Left over (+) / Short (-) | E1: Still needed - units not yet replaced
A2: 16x20x4 | B2: =SUMIF('Order Log'!$H$8:$H$13,A2,'Order Log'!$I$8:$I$13) | C2: 0 | D2: =B2-C2 | E2: 2
A3: 16x24x2 | B3: =SUMIF('Order Log'!$H$8:$H$13,A3,'Order Log'!$I$8:$I$13) | C3: 0 | D3: =B3-C3 | E3: 2
A4: 20x20x2 | B4: =SUMIF('Order Log'!$H$8:$H$13,A4,'Order Log'!$I$8:$I$13) | C4: 16 | D4: =B4-C4 | E4: 0
A5: 20x20x4 | B5: =SUMIF('Order Log'!$H$8:$H$13,A5,'Order Log'!$I$8:$I$13) | C5: 8 | D5: =B5-C5 | E5: 6
A6: 20x24x2 | B6: =SUMIF('Order Log'!$H$8:$H$13,A6,'Order Log'!$I$8:$I$13) | C6: 0 | D6: =B6-C6 | E6: 2
A7: 20x24x4 | B7: =SUMIF('Order Log'!$H$8:$H$13,A7,'Order Log'!$I$8:$I$13) | C7: 0 | D7: =B7-C7 | E7: 6
A8: 20x25x2 | B8: =SUMIF('Order Log'!$H$8:$H$13,A8,'Order Log'!$I$8:$I$13) | C8: 32 | D8: =B8-C8 | E8: 0
A9: 20x25x4 | B9: =SUMIF('Order Log'!$H$8:$H$13,A9,'Order Log'!$I$8:$I$13) | C9: 16 | D9: =B9-C9 | E9: 8
